{"artifacts": [{
    "short_id": "envelope-9baa99",
    "uuid": "a66167bf-0269-4050-79d1-251d739baa99",
    "checksum": "55383599-6959-46ec-6e76-33eb46e9e145",
    "filename": "IntelComputeStick_8_envelope.zip",
    "content_type": "this",
    "path": "/",
    "uri": "envelope://",
    "label": "The envelope",
    "openchain": true
}, {
    "short_id": "oss_bom-u6767",
    "uuid": "f111f7dc-cb08-44bc-75d0-60fa9ca7b22c",
    "checksum": "c1e2486417f4c5fc670bf5facd5870af9c1e3a6",
    "filename": "ics.ossbom",
    "content_type": "oss_bom",
    "path": "/",
    "uri": "envelope://_contents",
    "label": "Wind River Pulsar OSS BOM",
    "openchain": false
},{
    "short_id": "notices-4f3761",
    "uuid": "ebbe6399-0e13-459e-6226-8f859b4f3761",
    "checksum": "da39a3ee5e6b4b0d3255bfef95601890afd80709",
    "filename": "WRLx_Pulsar_8.0_Core_ThirdPartyNotices_v1.pdf",
    "content_type": "notices",
    "path": "/notices",
    "uri": "envelope://_contents/notices",
    "label": "Wind River Pulsar 8 Notice file",
    "openchain": true
}, {
    "short_id": "notices-e6a058",
    "uuid": "2249efd5-82aa-48c2-5a93-c57305e6a058",
    "checksum": "da39a3ee5e6b4b0d3255bfef95601890afd80710",
    "filename": "WRLx_Pulsar_8.0_IntelComputeStick_ThirdPartyNotices_v1.0.pdf",
    "content_type": "notices",
    "path": "/notices",
    "uri": "envelope://_contents/notices",
    "label": "Intel Compute Stick 8 Notice file",
    "openchain": true
}, {
    "short_id": "source-e24fe6",
    "uuid": "44096abe-af36-4d7a-5474-8bad56e24fe6",
    "checksum": "a1e2486417f4cd7fc670bf5facd5870af9c1e3a5",
    "filename": "Pulsar-8-source.zip",
    "content_type": "source",
    "path": "/source",
    "uri": "envelope://_contents/source",
    "label": "Wind River Pulsar 8 source code",
    "openchain": true
}, {
    "short_id": "spdx-e47b16",
    "uuid": "4076672a-b898-4f09-7be1-7d8bcfe47b16",
    "checksum": "550fc2b8d4a50f77bbfd56d07d19392b609a28df",
    "filename": "acl-2.2.52.src_.tar.gz_e2ff2059d9.spdx",
    "content_type": "spdx",
    "path": "/spdx",
    "uri": "envelope://_contents/spdx",
    "label": "SPDX (acl-2.2.52.src_.tar.gz)",
    "openchain": true
}, {
    "short_id": "spdx-facaf4",
    "uuid": "7ced5d55-e958-4fe6-53a1-fe2673facaf4",
    "checksum": "b42c345d41c49e80b9d6f2a13148e5eb838607e9",
    "filename": "adwaita-icon-theme-3.16.2.1.tar.xz_22f43ffbb4.spdx",
    "content_type": "spdx",
    "path": "/spdx",
    "uri": "envelope://_contents/spdx",
    "label": "SPDX (adwaita-icon-theme-3.16.2.1.tar.xz)",
    "openchain": true
}, {
    "short_id": "spdx-be95d8",
    "uuid": "764bb49b-8ae2-4d27-76af-2204068a0af8",
    "checksum": "f855d41c49e80b9d6f2a13148e5eb838607e92f1",
    "filename": "alsa-lib-1.0.29.tar.bz2_893ef4df89.spdx",
    "content_type": "spdx",
    "path": "/spdx",
    "uri": "envelope://_contents/spdx",
    "label": "SPDX (alsa-lib-1.0.29.tar.bz2)",
    "openchain": true
}, {
    "short_id": "spdx-f15b5a",
    "uuid": "6e64a6e7-f505-4745-7edd-838814f15b5a",
    "checksum": "550fc2b8d4a50f77bbfd56d07d19392b609a28df",
    "filename": "alsa-plugins-1.0.29.tar.bz2_e684210a3c.spdx",
    "content_type": "spdx",
    "path": "/spdx",
    "uri": "envelope://_contents/spdx",
    "label": "SPDX (alsa-plugins-1.0.29.tar.bz2)",
    "openchain": true
}, {
    "short_id": "spdx-304abf",
    "uuid": "1b839fae-ed6a-415a-442e-f245ec304abf",
    "checksum": "230fc2b8d4a50f77bbfd56d07d19392b609a28df",
    "filename": "alsa-utils-1.0.29.tar.bz2_77509f9544.spdx",
    "content_type": "spdx",
    "path": "/spdx",
    "uri": "envelope://_contents/spdx",
    "label": "SPDX (alsa-utils-1.0.29.tar.bz2)",
    "openchain": true
}]}